{
  "metrics": {
    "samples": 18,
    "mean_seconds": 0.00013083983331954287,
    "p95_seconds": 0.00016057859966167595,
    "max_seconds": 0.00017754799955582712
  },
  "thresholds": {
    "p95_seconds": 0.25,
    "max_seconds": 0.4
  }
}