{
  "metrics": {
    "samples": 18,
    "mean_seconds": 0.00014333011171806397,
    "p95_seconds": 0.00021576924591499823,
    "max_seconds": 0.00035812299756798893
  },
  "thresholds": {
    "p95_seconds": 0.25,
    "max_seconds": 0.4
  }
}