{
  "runs": {
    "sqlite": {
      "latency": {
        "ingestion": {
          "samples": 3,
          "mean_seconds": 0.02326547133513183,
          "p95_seconds": 0.04081658960494678,
          "max_seconds": 0.043757554005424026
        },
        "enrichment": {
          "samples": 3,
          "mean_seconds": 0.001900901001742265,
          "p95_seconds": 0.0021584460024314466,
          "max_seconds": 0.0021947260029264726
        },
        "scoring": {
          "samples": 3,
          "mean_seconds": 0.00018550966584977383,
          "p95_seconds": 0.00021779109811177478,
          "max_seconds": 0.00021863899746676907
        }
      },
      "thresholds": {
        "ingestion": {
          "p95_seconds": 0.35,
          "max_seconds": 0.45
        },
        "enrichment": {
          "p95_seconds": 0.3,
          "max_seconds": 0.45
        },
        "scoring": {
          "p95_seconds": 0.15,
          "max_seconds": 0.25
        },
        "enrichment_nlp": {
          "p95_seconds": 0.25,
          "max_seconds": 0.4
        }
      },
      "throughput": {
        "articles": 3,
        "ingestion_rps": 42.982150913485185,
        "enrichment_rps": 526.0663228034774,
        "scoring_rps": 5390.554693844376,
        "pipeline_rps": 39.44480334408931
      },
      "accuracy": {
        "samples": 5,
        "mean_absolute_error": 0.0,
        "max_absolute_error": 0.0,
        "should_include_accuracy": 1.0,
        "rank_match_ratio": 1.0
      },
      "backend": {
        "backend": "sqlite",
        "dsn": "sqlite:///perf_pipeline.db",
        "pool": {
          "class": "StaticPool",
          "size": 1
        }
      }
    },
    "postgresql": {
      "latency": {
        "ingestion": {
          "samples": 3,
          "mean_seconds": 0.014828182332469927,
          "p95_seconds": 0.021620279398484855,
          "max_seconds": 0.0227481039983104
        },
        "enrichment": {
          "samples": 3,
          "mean_seconds": 0.0003144323345622979,
          "p95_seconds": 0.0003515607000736054,
          "max_seconds": 0.00035655499959830195
        },
        "scoring": {
          "samples": 3,
          "mean_seconds": 0.00015527533105341718,
          "p95_seconds": 0.000170670697116293,
          "max_seconds": 0.0001730919975670986
        }
      },
      "thresholds": {
        "ingestion": {
          "p95_seconds": 0.35,
          "max_seconds": 0.45
        },
        "enrichment": {
          "p95_seconds": 0.3,
          "max_seconds": 0.45
        },
        "scoring": {
          "p95_seconds": 0.15,
          "max_seconds": 0.25
        },
        "enrichment_nlp": {
          "p95_seconds": 0.25,
          "max_seconds": 0.4
        }
      },
      "throughput": {
        "articles": 3,
        "ingestion_rps": 67.43914915385521,
        "enrichment_rps": 3180.3344951531117,
        "scoring_rps": 6440.173034672096,
        "pipeline_rps": 65.36849200282775
      },
      "accuracy": {
        "samples": 5,
        "mean_absolute_error": 0.0,
        "max_absolute_error": 0.0,
        "should_include_accuracy": 1.0,
        "rank_match_ratio": 1.0
      },
      "backend": {
        "backend": "postgresql",
        "dsn": "postgresql://collector:***@db.internal:5432/news_collector",
        "pool": {
          "class": "QueuePool",
          "size": 12,
          "max_overflow": 6,
          "timeout": 45,
          "recycle": 1200
        }
      }
    }
  }
}