{
  "runs": {
    "sqlite": {
      "latency": {
        "ingestion": {
          "samples": 3,
          "mean_seconds": 0.0258742909997333,
          "p95_seconds": 0.03989264369929515,
          "max_seconds": 0.04193556699920009
        },
        "enrichment": {
          "samples": 3,
          "mean_seconds": 0.001789546333081186,
          "p95_seconds": 0.0019988367001133158,
          "max_seconds": 0.0020332630001576035
        },
        "scoring": {
          "samples": 3,
          "mean_seconds": 0.00015481099975052834,
          "p95_seconds": 0.00018902409965448896,
          "max_seconds": 0.00019435699960013153
        }
      },
      "thresholds": {
        "ingestion": {
          "p95_seconds": 0.35,
          "max_seconds": 0.45
        },
        "enrichment": {
          "p95_seconds": 0.3,
          "max_seconds": 0.45
        },
        "scoring": {
          "p95_seconds": 0.15,
          "max_seconds": 0.25
        },
        "enrichment_nlp": {
          "p95_seconds": 0.25,
          "max_seconds": 0.4
        }
      },
      "throughput": {
        "articles": 3,
        "ingestion_rps": 38.64840199912367,
        "enrichment_rps": 558.8008432719541,
        "scoring_rps": 6459.489323184138,
        "pipeline_rps": 35.94710958078369
      },
      "accuracy": {
        "samples": 5,
        "mean_absolute_error": 0.0,
        "max_absolute_error": 0.0,
        "should_include_accuracy": 1.0,
        "rank_match_ratio": 1.0
      },
      "backend": {
        "backend": "sqlite",
        "dsn": "sqlite:///perf_pipeline.db",
        "pool": {
          "class": "StaticPool",
          "size": 1
        }
      }
    },
    "postgresql": {
      "latency": {
        "ingestion": {
          "samples": 3,
          "mean_seconds": 0.013885089999954895,
          "p95_seconds": 0.017434279900408002,
          "max_seconds": 0.018047383000521222
        },
        "enrichment": {
          "samples": 3,
          "mean_seconds": 0.00029904000014842797,
          "p95_seconds": 0.00038714930042260676,
          "max_seconds": 0.00040175800040742615
        },
        "scoring": {
          "samples": 3,
          "mean_seconds": 0.00013440266623850525,
          "p95_seconds": 0.0001543943993965513,
          "max_seconds": 0.0001576589993419475
        }
      },
      "thresholds": {
        "ingestion": {
          "p95_seconds": 0.35,
          "max_seconds": 0.45
        },
        "enrichment": {
          "p95_seconds": 0.3,
          "max_seconds": 0.45
        },
        "scoring": {
          "p95_seconds": 0.15,
          "max_seconds": 0.25
        },
        "enrichment_nlp": {
          "p95_seconds": 0.25,
          "max_seconds": 0.4
        }
      },
      "throughput": {
        "articles": 3,
        "ingestion_rps": 72.01969882825739,
        "enrichment_rps": 3344.0342412508417,
        "scoring_rps": 7440.3285886117965,
        "pipeline_rps": 69.83955851500565
      },
      "accuracy": {
        "samples": 5,
        "mean_absolute_error": 0.0,
        "max_absolute_error": 0.0,
        "should_include_accuracy": 1.0,
        "rank_match_ratio": 1.0
      },
      "backend": {
        "backend": "postgresql",
        "dsn": "postgresql://collector:***@db.internal:5432/news_collector",
        "pool": {
          "class": "QueuePool",
          "size": 12,
          "max_overflow": 6,
          "timeout": 45,
          "recycle": 1200
        }
      }
    }
  }
}